{"selected_color": [0.624, 0.365, 0.094, 1], "button_background": "themes/default/catbg.jpg", "background_color": [0.12549019607843137, 0.03529411764705882, 0.15294117647058825, 1], "text_color": [1, 1, 1, 1]}