{"selected_color": [0.624, 0.365, 0.094, 1], "button_background": "themes/weed/catbg.png", "background_color": [0.11764705882352941, 0.24705882352941178, 0.11764705882352941, 1], "text_color": [1, 1, 1, 1]}